stringId_A,stringId_B,preferredName_A,preferredName_B,ncbiTaxonId,score,nscore,fscore,pscore,ascore,escore,dscore,tscore
9606.ENSP00000000233,9606.ENSP00000256682,ARF5,ARF3,9606,0.756,0,0,0,0.128,0.477,0.5,0.06
9606.ENSP00000004982,9606.ENSP00000248553,HSPB6,HSPB1,9606,0.902,0,0,0,0.135,0.548,0,0.77
9606.ENSP00000203407,9606.ENSP00000290299,UQCRC1,ATP5PO,9606,0.765,0,0,0,0.478,0.139,0,0.519
9606.ENSP00000203407,9606.ENSP00000482773,UQCRC1,IDH3B,9606,0.766,0,0,0,0.663,0.11,0,0.282
9606.ENSP00000203407,9606.ENSP00000205402,UQCRC1,DLD,9606,0.831,0,0,0,0.698,0.243,0,0.318
9606.ENSP00000203407,9606.ENSP00000355574,UQCRC1,COA6,9606,0.831,0,0,0,0.143,0.512,0.476,0.32
9606.ENSP00000203407,9606.ENSP00000301587,UQCRC1,ATP5PD,9606,0.863,0,0,0,0.654,0.114,0,0.588
9606.ENSP00000203407,9606.ENSP00000441875,UQCRC1,PHB2,9606,0.887,0.045,0,0,0.521,0.645,0,0.39
9606.ENSP00000203407,9606.ENSP00000307786,UQCRC1,CYCS,9606,0.925,0,0,0,0.204,0.57,0.4,0.681
9606.ENSP00000203407,9606.ENSP00000429707,UQCRC1,COX6C,9606,0.965,0,0,0,0.189,0.834,0.594,0.435
9606.ENSP00000203407,9606.ENSP00000264932,UQCRC1,SDHA,9606,0.968,0,0,0,0.842,0.176,0.237,0.719
9606.ENSP00000203407,9606.ENSP00000322439,UQCRC1,TUFM,9606,0.983,0,0,0,0.973,0,0,0.402
9606.ENSP00000203407,9606.ENSP00000309565,UQCRC1,UQCRH,9606,0.999,0,0,0,0.154,0.988,0.944,0.902
9606.ENSP00000203407,9606.ENSP00000258424,UQCRC1,COX5B,9606,0.999,0,0,0,0.748,0.972,0.635,0.826
9606.ENSP00000203407,9606.ENSP00000268379,UQCRC1,UQCRC2,9606,0.999,0,0,0.216,0.955,0.999,0.975,0.972
9606.ENSP00000203407,9606.ENSP00000430494,UQCRC1,UQCRB,9606,0.999,0,0,0,0.74,0.999,0.975,0.964
9606.ENSP00000203407,9606.ENSP00000367939,UQCRC1,UQCRQ,9606,0.999,0,0,0,0.526,0.999,0.975,0.912
9606.ENSP00000203407,9606.ENSP00000317780,UQCRC1,COX5A,9606,0.999,0,0,0,0.848,0.966,0.657,0.716
9606.ENSP00000205402,9606.ENSP00000322439,DLD,TUFM,9606,0.713,0.042,0,0,0.574,0,0,0.354
9606.ENSP00000205402,9606.ENSP00000264932,DLD,SDHA,9606,0.815,0.101,0,0,0.389,0.218,0.149,0.572
9606.ENSP00000205402,9606.ENSP00000268379,DLD,UQCRC2,9606,0.836,0,0,0,0.748,0.243,0,0.209
9606.ENSP00000205402,9606.ENSP00000420927,DLD,PDK2,9606,0.866,0,0,0,0.055,0.091,0.749,0.451
9606.ENSP00000205402,9606.ENSP00000217901,DLD,IDH3G,9606,0.889,0.046,0,0,0.315,0.102,0.669,0.517
9606.ENSP00000205402,9606.ENSP00000482773,DLD,IDH3B,9606,0.89,0.046,0,0,0.337,0.102,0.669,0.504
9606.ENSP00000205402,9606.ENSP00000299518,DLD,IDH3A,9606,0.905,0.046,0,0,0.354,0.126,0.669,0.552
9606.ENSP00000205402,9606.ENSP00000363216,DLD,OGDHL,9606,0.998,0.07,0,0,0.291,0.731,0.978,0.735
9606.ENSP00000215095,9606.ENSP00000305613,STX1B,CPLX1,9606,0.77,0,0,0,0.15,0.081,0.54,0.436
9606.ENSP00000215570,9606.ENSP00000284320,TIMM13,TOMM70,9606,0.712,0,0,0,0.064,0.094,0,0.688
9606.ENSP00000215570,9606.ENSP00000378487,TIMM13,VDAC1,9606,0.723,0,0,0,0.055,0,0.5,0.461
9606.ENSP00000215570,9606.ENSP00000216034,TIMM13,TOMM22,9606,0.861,0,0,0,0.271,0,0,0.816
9606.ENSP00000216034,9606.ENSP00000368528,TOMM22,APOO,9606,0.79,0,0,0,0.126,0,0.72,0.213
9606.ENSP00000216034,9606.ENSP00000378487,TOMM22,VDAC1,9606,0.819,0,0,0,0.132,0.343,0,0.708
9606.ENSP00000216034,9606.ENSP00000290913,TOMM22,CHCHD6,9606,0.836,0,0,0,0.063,0,0.72,0.426
9606.ENSP00000216034,9606.ENSP00000361635,TOMM22,VDAC2,9606,0.845,0,0,0,0.162,0.304,0,0.756
9606.ENSP00000216034,9606.ENSP00000357360,TOMM22,MTX1,9606,0.894,0,0,0,0.067,0.397,0.54,0.638
9606.ENSP00000216034,9606.ENSP00000389297,TOMM22,CHCHD3,9606,0.904,0,0,0,0.097,0.227,0.72,0.568
9606.ENSP00000216034,9606.ENSP00000387262,TOMM22,IMMT,9606,0.945,0,0,0,0.095,0.49,0.72,0.625
9606.ENSP00000216034,9606.ENSP00000284320,TOMM22,TOMM70,9606,0.999,0,0,0,0.16,0.766,0.8,0.999
9606.ENSP00000217901,9606.ENSP00000264932,IDH3G,SDHA,9606,0.726,0.114,0,0,0.168,0.111,0.152,0.583
9606.ENSP00000217901,9606.ENSP00000363216,IDH3G,OGDHL,9606,0.976,0.042,0,0,0.11,0.068,0.937,0.603
9606.ENSP00000217901,9606.ENSP00000299518,IDH3G,IDH3A,9606,0.999,0,0,0.091,0.854,0.997,0.975,0.966
9606.ENSP00000217901,9606.ENSP00000482773,IDH3G,IDH3B,9606,0.999,0,0,0.075,0.446,0.982,0.9,0.919
9606.ENSP00000219400,9606.ENSP00000355574,CMC2,COA6,9606,0.703,0,0,0,0.136,0,0.4,0.474
9606.ENSP00000219400,9606.ENSP00000264832,CMC2,ICAM1,9606,0.823,0,0,0,0.042,0,0,0.823
9606.ENSP00000228510,9606.ENSP00000282841,MVK,GGPS1,9606,0.872,0.099,0,0,0.116,0,0,0.853
9606.ENSP00000248553,9606.ENSP00000307786,HSPB1,CYCS,9606,0.993,0,0,0,0.056,0.292,0,0.99
9606.ENSP00000252603,9606.ENSP00000270776,PGLS,PGD,9606,0.992,0.095,0,0,0.146,0,0.955,0.794
9606.ENSP00000253023,9606.ENSP00000414095,UBE2M,CUL2,9606,0.87,0,0,0,0.057,0.32,0.5,0.644
9606.ENSP00000253023,9606.ENSP00000350512,UBE2M,COPS5,9606,0.942,0,0,0,0.058,0.748,0,0.775
9606.ENSP00000255390,9606.ENSP00000307786,SCO1,CYCS,9606,0.808,0.111,0,0,0.076,0,0.4,0.658
9606.ENSP00000255390,9606.ENSP00000355574,SCO1,COA6,9606,0.946,0,0,0,0.141,0.399,0,0.904
9606.ENSP00000255499,9606.ENSP00000444357,RNF128,OTUB1,9606,0.982,0,0,0,0,0.292,0.9,0.769
9606.ENSP00000258424,9606.ENSP00000354612,COX5B,PTGS1,9606,0.763,0,0,0,0,0,0,0.763
9606.ENSP00000258424,9606.ENSP00000300688,COX5B,ATP5MG,9606,0.873,0,0,0,0.699,0.097,0,0.569
9606.ENSP00000258424,9606.ENSP00000264932,COX5B,SDHA,9606,0.925,0,0,0,0.837,0,0,0.563
9606.ENSP00000258424,9606.ENSP00000355574,COX5B,COA6,9606,0.947,0,0,0,0.415,0.516,0.52,0.656
9606.ENSP00000258424,9606.ENSP00000290299,COX5B,ATP5PO,9606,0.974,0,0,0,0.889,0,0,0.782
9606.ENSP00000258424,9606.ENSP00000301587,COX5B,ATP5PD,9606,0.979,0,0,0,0.941,0,0,0.665
9606.ENSP00000258424,9606.ENSP00000307786,COX5B,CYCS,9606,0.993,0,0,0,0.659,0.755,0.4,0.879
9606.ENSP00000258424,9606.ENSP00000309565,COX5B,UQCRH,9606,0.998,0,0,0,0.744,0.955,0.658,0.567
9606.ENSP00000258424,9606.ENSP00000268379,COX5B,UQCRC2,9606,0.999,0,0,0,0.776,0.99,0.786,0.664
9606.ENSP00000258424,9606.ENSP00000429707,COX5B,COX6C,9606,0.999,0,0,0,0.91,0.876,0.935,0.99
9606.ENSP00000258424,9606.ENSP00000430494,COX5B,UQCRB,9606,0.999,0,0,0,0.901,0.988,0.714,0.757
9606.ENSP00000258424,9606.ENSP00000367939,COX5B,UQCRQ,9606,0.999,0,0,0,0.925,0.967,0.714,0.581
9606.ENSP00000258424,9606.ENSP00000317780,COX5B,COX5A,9606,0.999,0,0,0,0.978,0.995,0.959,0.987
9606.ENSP00000259400,9606.ENSP00000305613,STX17,CPLX1,9606,0.72,0,0,0,0,0,0.72,0
9606.ENSP00000259400,9606.ENSP00000317714,STX17,STX4,9606,0.948,0,0,0,0.049,0.114,0.9,0.457
9606.ENSP00000262746,9606.ENSP00000381607,PRDX1,GSTP1,9606,0.787,0,0,0,0.132,0.294,0,0.68
9606.ENSP00000264832,9606.ENSP00000447730,ICAM1,CD63,9606,0.775,0,0,0,0.054,0,0,0.772
9606.ENSP00000264832,9606.ENSP00000370588,ICAM1,CD99,9606,0.976,0,0,0,0.086,0,0,0.975
9606.ENSP00000264932,9606.ENSP00000300688,SDHA,ATP5MG,9606,0.705,0,0,0,0.114,0.095,0,0.662
9606.ENSP00000264932,9606.ENSP00000322439,SDHA,TUFM,9606,0.734,0.042,0,0,0.413,0,0.154,0.506
9606.ENSP00000264932,9606.ENSP00000367939,SDHA,UQCRQ,9606,0.747,0,0,0,0.387,0.183,0.172,0.462
9606.ENSP00000264932,9606.ENSP00000378487,SDHA,VDAC1,9606,0.769,0,0,0,0.297,0.07,0,0.675
9606.ENSP00000264932,9606.ENSP00000317780,SDHA,COX5A,9606,0.815,0,0,0,0.423,0.097,0,0.673
9606.ENSP00000264932,9606.ENSP00000299518,SDHA,IDH3A,9606,0.819,0.114,0,0,0.248,0.132,0.152,0.688
9606.ENSP00000264932,9606.ENSP00000482773,SDHA,IDH3B,9606,0.824,0.114,0,0,0.441,0.111,0.152,0.6
9606.ENSP00000264932,9606.ENSP00000309565,SDHA,UQCRH,9606,0.866,0,0,0,0.693,0,0,0.581
9606.ENSP00000264932,9606.ENSP00000377311,SDHA,FDX2,9606,0.872,0.061,0,0,0.066,0,0.792,0.385
9606.ENSP00000264932,9606.ENSP00000430494,SDHA,UQCRB,9606,0.882,0,0,0,0.451,0.422,0.172,0.606
9606.ENSP00000264932,9606.ENSP00000363216,SDHA,OGDHL,9606,0.885,0.115,0.007,0,0.755,0.093,0,0.486
9606.ENSP00000264932,9606.ENSP00000307786,SDHA,CYCS,9606,0.93,0,0,0,0.613,0.108,0.5,0.643
9606.ENSP00000264932,9606.ENSP00000268379,SDHA,UQCRC2,9606,0.99,0,0,0,0.865,0.134,0.19,0.913
9606.ENSP00000268379,9606.ENSP00000299518,UQCRC2,IDH3A,9606,0.713,0,0,0,0.254,0.233,0,0.538
9606.ENSP00000268379,9606.ENSP00000361635,UQCRC2,VDAC2,9606,0.763,0,0,0,0.502,0.229,0,0.434
9606.ENSP00000268379,9606.ENSP00000378487,UQCRC2,VDAC1,9606,0.81,0,0,0,0.295,0.249,0,0.669
9606.ENSP00000268379,9606.ENSP00000387262,UQCRC2,IMMT,9606,0.811,0,0,0,0.602,0.209,0,0.45
9606.ENSP00000268379,9606.ENSP00000389297,UQCRC2,CHCHD3,9606,0.811,0,0,0,0.7,0,0,0.396
9606.ENSP00000268379,9606.ENSP00000322439,UQCRC2,TUFM,9606,0.818,0,0,0,0.488,0.238,0,0.571
9606.ENSP00000268379,9606.ENSP00000301587,UQCRC2,ATP5PD,9606,0.875,0,0,0,0.669,0.1,0,0.613
9606.ENSP00000268379,9606.ENSP00000355574,UQCRC2,COA6,9606,0.93,0,0,0,0.271,0.743,0.524,0.308
9606.ENSP00000268379,9606.ENSP00000307786,UQCRC2,CYCS,9606,0.954,0,0,0,0.395,0.513,0.4,0.773
9606.ENSP00000268379,9606.ENSP00000429707,UQCRC2,COX6C,9606,0.967,0,0,0,0.266,0.834,0.602,0.402
9606.ENSP00000268379,9606.ENSP00000290299,UQCRC2,ATP5PO,9606,0.975,0,0,0,0.879,0.616,0,0.505
9606.ENSP00000268379,9606.ENSP00000309565,UQCRC2,UQCRH,9606,0.999,0,0,0,0.33,0.992,0.944,0.8
9606.ENSP00000268379,9606.ENSP00000367939,UQCRC2,UQCRQ,9606,0.999,0,0,0,0.685,0.997,0.979,0.898
9606.ENSP00000268379,9606.ENSP00000317780,UQCRC2,COX5A,9606,0.999,0,0,0,0.923,0.988,0.953,0.732
9606.ENSP00000268379,9606.ENSP00000430494,UQCRC2,UQCRB,9606,0.999,0,0,0,0.933,0.997,0.979,0.979
9606.ENSP00000270776,9606.ENSP00000371393,PGD,PGM2,9606,0.847,0.042,0,0,0.073,0,0,0.841
9606.ENSP00000270776,9606.ENSP00000360124,PGD,PGM1,9606,0.951,0.057,0,0,0.168,0,0,0.943
9606.ENSP00000278568,9606.ENSP00000353864,PAK1,PAK3,9606,0.959,0,0,0.053,0,0.597,0.9,0.053
9606.ENSP00000284320,9606.ENSP00000339017,TOMM70,ATAD1,9606,0.746,0,0,0,0.127,0.094,0,0.705
9606.ENSP00000284320,9606.ENSP00000361635,TOMM70,VDAC2,9606,0.771,0,0,0,0.116,0.182,0.4,0.535
9606.ENSP00000284320,9606.ENSP00000368528,TOMM70,APOO,9606,0.808,0,0,0,0.111,0.095,0.72,0.248
9606.ENSP00000284320,9606.ENSP00000290913,TOMM70,CHCHD6,9606,0.825,0,0,0,0.095,0,0.72,0.366
9606.ENSP00000284320,9606.ENSP00000357360,TOMM70,MTX1,9606,0.836,0,0,0,0.072,0.103,0.54,0.624
9606.ENSP00000284320,9606.ENSP00000389297,TOMM70,CHCHD3,9606,0.86,0,0,0,0.165,0,0.72,0.451
9606.ENSP00000284320,9606.ENSP00000378487,TOMM70,VDAC1,9606,0.906,0,0,0,0.114,0.182,0.4,0.81
9606.ENSP00000284320,9606.ENSP00000387262,TOMM70,IMMT,9606,0.939,0,0,0,0.177,0.128,0.72,0.736
9606.ENSP00000290299,9606.ENSP00000429707,ATP5PO,COX6C,9606,0.828,0,0,0,0.713,0,0,0.424
9606.ENSP00000290299,9606.ENSP00000322439,ATP5PO,TUFM,9606,0.874,0.042,0,0,0.795,0.095,0,0.375
9606.ENSP00000290299,9606.ENSP00000367939,ATP5PO,UQCRQ,9606,0.883,0,0,0,0.801,0,0,0.435
9606.ENSP00000290299,9606.ENSP00000430494,ATP5PO,UQCRB,9606,0.94,0,0,0,0.854,0,0,0.605
9606.ENSP00000290299,9606.ENSP00000317780,ATP5PO,COX5A,9606,0.944,0,0,0,0.859,0.161,0,0.563
9606.ENSP00000290299,9606.ENSP00000301587,ATP5PO,ATP5PD,9606,0.999,0,0,0,0.959,0.938,0.944,0.907
9606.ENSP00000290299,9606.ENSP00000300688,ATP5PO,ATP5MG,9606,0.999,0,0,0,0.763,0.851,0.933,0.636
9606.ENSP00000290913,9606.ENSP00000357360,CHCHD6,MTX1,9606,0.949,0,0,0,0.047,0,0.72,0.827
9606.ENSP00000290913,9606.ENSP00000387262,CHCHD6,IMMT,9606,0.999,0,0,0,0.062,0.637,0.9,0.994
9606.ENSP00000290913,9606.ENSP00000389297,CHCHD6,CHCHD3,9606,0.999,0,0,0,0.058,0.549,0.9,0.983
9606.ENSP00000290913,9606.ENSP00000368528,CHCHD6,APOO,9606,0.999,0,0,0,0.149,0.144,0.9,0.992
9606.ENSP00000296412,9606.ENSP00000381607,ADH5,GSTP1,9606,0.739,0,0,0,0.082,0.096,0.65,0.208
9606.ENSP00000299518,9606.ENSP00000363216,IDH3A,OGDHL,9606,0.991,0.042,0,0,0.193,0.079,0.974,0.624
9606.ENSP00000299518,9606.ENSP00000482773,IDH3A,IDH3B,9606,0.999,0,0,0.09,0.831,0.997,0.975,0.932
9606.ENSP00000300688,9606.ENSP00000309565,ATP5MG,UQCRH,9606,0.889,0,0,0,0.76,0.131,0,0.511
9606.ENSP00000300688,9606.ENSP00000317780,ATP5MG,COX5A,9606,0.912,0,0,0,0.812,0.137,0,0.499
9606.ENSP00000300688,9606.ENSP00000429707,ATP5MG,COX6C,9606,0.92,0,0,0,0.86,0.093,0,0.424
9606.ENSP00000300688,9606.ENSP00000430494,ATP5MG,UQCRB,9606,0.929,0,0,0,0.878,0,0,0.44
9606.ENSP00000300688,9606.ENSP00000367939,ATP5MG,UQCRQ,9606,0.958,0,0,0,0.895,0.234,0,0.526
9606.ENSP00000300688,9606.ENSP00000301587,ATP5MG,ATP5PD,9606,0.999,0,0,0,0.934,0.929,0.944,0.819
9606.ENSP00000301587,9606.ENSP00000378487,ATP5PD,VDAC1,9606,0.735,0,0,0,0.282,0.095,0,0.626
9606.ENSP00000301587,9606.ENSP00000309565,ATP5PD,UQCRH,9606,0.911,0,0,0,0.84,0.095,0,0.432
9606.ENSP00000301587,9606.ENSP00000367939,ATP5PD,UQCRQ,9606,0.967,0,0,0,0.932,0.21,0,0.434
9606.ENSP00000301587,9606.ENSP00000429707,ATP5PD,COX6C,9606,0.975,0,0,0,0.916,0.202,0,0.656
9606.ENSP00000301587,9606.ENSP00000430494,ATP5PD,UQCRB,9606,0.976,0,0,0,0.933,0.162,0,0.606
9606.ENSP00000301587,9606.ENSP00000317780,ATP5PD,COX5A,9606,0.994,0,0,0,0.973,0.162,0,0.774
9606.ENSP00000302037,9606.ENSP00000378487,MFF,VDAC1,9606,0.754,0,0,0,0.079,0.052,0,0.741
9606.ENSP00000302037,9606.ENSP00000449089,MFF,DNM1L,9606,0.999,0,0,0,0.109,0.702,0,0.998
9606.ENSP00000305613,9606.ENSP00000317714,CPLX1,STX4,9606,0.813,0,0,0,0.055,0.081,0.72,0.325
9606.ENSP00000305790,9606.ENSP00000356520,SF3B3,DHX9,9606,0.73,0,0,0,0.437,0.234,0,0.425
9606.ENSP00000307786,9606.ENSP00000363205,CYCS,NFS1,9606,0.714,0,0,0,0.11,0,0.585,0.289
9606.ENSP00000307786,9606.ENSP00000479488,CYCS,PHB,9606,0.719,0,0,0,0.125,0.165,0,0.646
9606.ENSP00000307786,9606.ENSP00000441875,CYCS,PHB2,9606,0.788,0,0,0,0.15,0.165,0,0.725
9606.ENSP00000307786,9606.ENSP00000449089,CYCS,DNM1L,9606,0.862,0,0,0,0.083,0,0,0.855
9606.ENSP00000307786,9606.ENSP00000322439,CYCS,TUFM,9606,0.909,0.12,0,0,0.162,0.841,0,0.317
9606.ENSP00000307786,9606.ENSP00000429707,CYCS,COX6C,9606,0.926,0,0,0,0.241,0.465,0.4,0.735
9606.ENSP00000307786,9606.ENSP00000309565,CYCS,UQCRH,9606,0.942,0,0,0,0.731,0.094,0.4,0.65
9606.ENSP00000307786,9606.ENSP00000367939,CYCS,UQCRQ,9606,0.946,0,0,0,0.574,0.417,0.4,0.68
9606.ENSP00000307786,9606.ENSP00000317780,CYCS,COX5A,9606,0.952,0,0,0,0.609,0.525,0.4,0.622
9606.ENSP00000307786,9606.ENSP00000430494,CYCS,UQCRB,9606,0.99,0,0,0,0.875,0.429,0.4,0.8
9606.ENSP00000307786,9606.ENSP00000361635,CYCS,VDAC2,9606,0.995,0,0,0,0.179,0.071,0.9,0.947
9606.ENSP00000307786,9606.ENSP00000378487,CYCS,VDAC1,9606,0.996,0,0,0,0.198,0.309,0.9,0.939
9606.ENSP00000309565,9606.ENSP00000355574,UQCRH,COA6,9606,0.9,0,0,0,0.394,0.513,0.57,0.307
9606.ENSP00000309565,9606.ENSP00000429707,UQCRH,COX6C,9606,0.985,0,0,0,0.712,0.764,0.598,0.518
9606.ENSP00000309565,9606.ENSP00000317780,UQCRH,COX5A,9606,0.995,0,0,0,0.579,0.903,0.633,0.71
9606.ENSP00000309565,9606.ENSP00000367939,UQCRH,UQCRQ,9606,0.999,0,0,0,0.785,0.993,0.944,0.883
9606.ENSP00000309565,9606.ENSP00000430494,UQCRH,UQCRB,9606,0.999,0,0,0,0.841,0.99,0.944,0.904
9606.ENSP00000310623,9606.ENSP00000328570,ISCU,GLRX5,9606,0.911,0,0,0,0.169,0,0.54,0.786
9606.ENSP00000310623,9606.ENSP00000377311,ISCU,FDX2,9606,0.976,0.12,0,0.236,0.246,0.345,0.54,0.875
9606.ENSP00000310623,9606.ENSP00000363205,ISCU,NFS1,9606,0.999,0.12,0,0.495,0.852,0.992,0.956,0.999
9606.ENSP00000317714,9606.ENSP00000482950,STX4,DOC2B,9606,0.761,0,0,0,0,0.071,0,0.753
9606.ENSP00000317780,9606.ENSP00000378487,COX5A,VDAC1,9606,0.82,0,0,0,0.357,0.373,0,0.589
9606.ENSP00000317780,9606.ENSP00000355574,COX5A,COA6,9606,0.983,0,0,0,0.694,0.748,0.574,0.565
9606.ENSP00000317780,9606.ENSP00000429707,COX5A,COX6C,9606,0.999,0,0,0,0.912,0.996,0.935,0.955
9606.ENSP00000317780,9606.ENSP00000367939,COX5A,UQCRQ,9606,0.999,0,0,0,0.94,0.987,0.786,0.715
9606.ENSP00000317780,9606.ENSP00000430494,COX5A,UQCRB,9606,0.999,0,0,0,0.97,0.984,0.656,0.646
9606.ENSP00000322439,9606.ENSP00000479488,TUFM,PHB,9606,0.797,0,0,0,0.505,0.294,0,0.465
9606.ENSP00000322439,9606.ENSP00000441875,TUFM,PHB2,9606,0.911,0,0,0,0.793,0.223,0,0.491
9606.ENSP00000324101,9606.ENSP00000447730,CD151,CD63,9606,0.939,0,0,0,0.108,0,0,0.935
9606.ENSP00000328570,9606.ENSP00000377311,GLRX5,FDX2,9606,0.861,0,0,0,0,0,0.54,0.712
9606.ENSP00000328570,9606.ENSP00000363205,GLRX5,NFS1,9606,0.909,0,0,0,0.054,0,0.54,0.809
9606.ENSP00000341524,9606.ENSP00000391249,SEPTIN6,SEPTIN9,9606,0.999,0,0,0.092,0.095,0.921,0.9,0.919
9606.ENSP00000342026,9606.ENSP00000381607,PRDX6,GSTP1,9606,0.973,0,0,0,0.085,0.53,0.9,0.449
9606.ENSP00000350512,9606.ENSP00000414095,COPS5,CUL2,9606,0.987,0,0,0,0.198,0.974,0,0.442
9606.ENSP00000355574,9606.ENSP00000429707,COA6,COX6C,9606,0.931,0,0,0,0.366,0.749,0.36,0.41
9606.ENSP00000355574,9606.ENSP00000367939,COA6,UQCRQ,9606,0.967,0,0,0,0.631,0.744,0.524,0.352
9606.ENSP00000355574,9606.ENSP00000430494,COA6,UQCRB,9606,0.974,0,0,0,0.616,0.747,0.605,0.411
9606.ENSP00000356520,9606.ENSP00000480421,DHX9,SRRT,9606,0.92,0,0,0,0.505,0.225,0.8,0.09
9606.ENSP00000356520,9606.ENSP00000478754,DHX9,DDX6,9606,0.967,0,0,0,0.146,0.258,0.9,0.548
9606.ENSP00000357360,9606.ENSP00000378487,MTX1,VDAC1,9606,0.772,0,0,0,0.067,0.091,0.4,0.606
9606.ENSP00000357360,9606.ENSP00000368528,MTX1,APOO,9606,0.899,0,0,0,0.063,0,0.72,0.649
9606.ENSP00000357360,9606.ENSP00000389297,MTX1,CHCHD3,9606,0.94,0,0,0,0.082,0,0.72,0.785
9606.ENSP00000357360,9606.ENSP00000387262,MTX1,IMMT,9606,0.965,0,0,0,0.092,0.334,0.72,0.818
9606.ENSP00000360124,9606.ENSP00000371393,PGM1,PGM2,9606,0.993,0.093,0,0,0.081,0.634,0.449,0.968
9606.ENSP00000361635,9606.ENSP00000387262,VDAC2,IMMT,9606,0.708,0,0,0,0.21,0.299,0,0.515
9606.ENSP00000361635,9606.ENSP00000441875,VDAC2,PHB2,9606,0.805,0,0,0,0.243,0.296,0,0.663
9606.ENSP00000361635,9606.ENSP00000479488,VDAC2,PHB,9606,0.91,0,0,0,0.192,0.663,0,0.697
9606.ENSP00000361635,9606.ENSP00000378487,VDAC2,VDAC1,9606,0.998,0,0,0.051,0.525,0.78,0.967,0.574
9606.ENSP00000363041,9606.ENSP00000378487,CISD1,VDAC1,9606,0.733,0,0,0,0.138,0.204,0,0.642
9606.ENSP00000363205,9606.ENSP00000377311,NFS1,FDX2,9606,0.962,0.111,0,0.231,0.149,0.401,0.54,0.809
9606.ENSP00000363216,9606.ENSP00000482773,OGDHL,IDH3B,9606,0.978,0.042,0,0,0.112,0.068,0.937,0.628
9606.ENSP00000365462,9606.ENSP00000449535,PCCA,ACSS3,9606,0.942,0.057,0,0,0.088,0,0.9,0.41
9606.ENSP00000365462,9606.ENSP00000419027,PCCA,PCCB,9606,0.999,0.102,0.881,0,0.611,0.928,0.967,0.998
9606.ENSP00000367939,9606.ENSP00000450909,UQCRQ,SLIRP,9606,0.749,0,0,0,0.737,0,0,0.086
9606.ENSP00000367939,9606.ENSP00000429707,UQCRQ,COX6C,9606,0.998,0,0,0,0.959,0.834,0.602,0.507
9606.ENSP00000367939,9606.ENSP00000430494,UQCRQ,UQCRB,9606,0.999,0,0,0,0.972,0.997,0.979,0.998
9606.ENSP00000368528,9606.ENSP00000389297,APOO,CHCHD3,9606,0.998,0,0,0,0.133,0.146,0.9,0.984
9606.ENSP00000368528,9606.ENSP00000387262,APOO,IMMT,9606,0.999,0,0,0,0.064,0.152,0.9,0.988
9606.ENSP00000371393,9606.ENSP00000496166,PGM2,ALDOA,9606,0.883,0,0,0,0.087,0,0.8,0.414
9606.ENSP00000378487,9606.ENSP00000449089,VDAC1,DNM1L,9606,0.768,0,0,0,0.171,0.066,0,0.724
9606.ENSP00000378487,9606.ENSP00000441875,VDAC1,PHB2,9606,0.822,0,0,0,0.469,0.254,0,0.586
9606.ENSP00000378487,9606.ENSP00000479488,VDAC1,PHB,9606,0.883,0,0,0,0.396,0.485,0,0.655
9606.ENSP00000378487,9606.ENSP00000387262,VDAC1,IMMT,9606,0.908,0,0,0,0.235,0.272,0,0.848
9606.ENSP00000385746,9606.ENSP00000494373,SMS,MTAP,9606,0.986,0.105,0,0,0.122,0,0.956,0.64
9606.ENSP00000387262,9606.ENSP00000479488,IMMT,PHB,9606,0.741,0,0,0,0.201,0.174,0,0.638
9606.ENSP00000387262,9606.ENSP00000441875,IMMT,PHB2,9606,0.751,0,0,0,0.156,0.534,0,0.417
9606.ENSP00000387262,9606.ENSP00000449089,IMMT,DNM1L,9606,0.798,0,0,0,0.245,0.151,0,0.71
9606.ENSP00000387262,9606.ENSP00000389297,IMMT,CHCHD3,9606,0.999,0,0,0,0.266,0.86,0.9,0.998
9606.ENSP00000388631,9606.ENSP00000479636,PLCD4,PLCD3,9606,0.91,0,0,0.072,0.049,0,0.9,0.1
9606.ENSP00000388631,9606.ENSP00000430344,PLCD4,PLCD1,9606,0.936,0,0,0.075,0.042,0,0.9,0.368
9606.ENSP00000389297,9606.ENSP00000449089,CHCHD3,DNM1L,9606,0.736,0,0,0,0.085,0,0,0.724
9606.ENSP00000419027,9606.ENSP00000449535,PCCB,ACSS3,9606,0.942,0.06,0,0,0.096,0,0.907,0.357
9606.ENSP00000428787,9606.ENSP00000495274,AP3M2,AP3D1,9606,0.996,0,0,0,0,0.96,0.54,0.839
9606.ENSP00000429707,9606.ENSP00000430494,COX6C,UQCRB,9606,0.991,0,0,0,0.791,0.834,0.54,0.55
9606.ENSP00000430344,9606.ENSP00000479636,PLCD1,PLCD3,9606,0.911,0,0,0.07,0.067,0,0.9,0.097
9606.ENSP00000441875,9606.ENSP00000479488,PHB2,PHB,9606,0.999,0,0,0.068,0.923,0.973,0.9,0.988
